Ceres Unified,Stanislaus,28594,19267,3985
Mammoth Unified,Mono,2399,972,354
Vista Unified,San Diego,48821,24588,5048
Calexico Unified,Imperial,18290,13992,1215
Cinnabar Elementary,Sonoma,524,263,76
New Jerusalem Elementary,San Joaquin,8955,4251,1057
Warner Unified,San Diego,3368,842,189
Coffee Creek Elementary,Trinity,14,8,2
Pacifica,San Mateo,6272,796,363
Gratton Elementary,Stanislaus,269,39,0
Ducor Union Elementary,Tulare,335,225,34
Seiad Elementary,Siskiyou,38,28,0
Hayward Unified,Alameda,45410,25853,5217
Belleview Elementary,Tuolumne,293,130,32
Bonny Doon Union Elementary,Santa Cruz,324,72,12
Siskiyou Union High,Siskiyou,1084,370,45
Mount Pleasant Elementary,Santa Clara,4701,2893,647
Lucerne Valley Unified,San Bernardino,5229,1784,373
Feather Falls Union Elementary,Butte,154,72,2
Forestville Union Elementary,Sonoma,680,246,56
Princeton Joint Unified,Glenn,335,183,50
Dos Palos Oro Loma Joint Unified,Merced,4605,3328,693
Yosemite Unified,Madera,4341,1449,508
Saddleback Valley Unified,Orange,55001,11534,2781
Cascade Union Elementary,Shasta,2145,1511,235
Cutler-Orosi Joint Unified,Tulare,8148,6868,780
Caliente Union Elementary,Kern,102,68,4
Eureka Union,Placer,6731,546,212
Charter Oak Unified,Los Angeles,9710,4514,878
Palo Verde Unified,Riverside,6108,3878,619
Murrieta Valley Unified,Riverside,45486,10061,3639
SBE - Rocketship Futuro Academy,Contra Costa,247,179,38
Willow Creek Elementary,Siskiyou,77,50,6
Newark Unified,Alameda,11593,4313,1347
Oakley Union Elementary,Contra Costa,9972,3526,758
Central Union Elementary,Kings,3521,1144,717
Stanislaus Union Elementary,Stanislaus,6859,3824,653
Greenfield Union,Kern,18587,14242,1634
Tamalpais Union High,Marin,9221,534,107
Big Valley Joint Unified,Lassen,291,123,48
Monte Rio Union Elementary,Sonoma,179,77,30
Jurupa Unified,Riverside,38020,24271,4275
Stony Creek Joint Unified,Glenn,194,148,14
Lake Elsinore Unified,Riverside,43593,21181,6757
Earlimart Elementary,Tulare,3856,3254,287
Los Olivos Elementary,Santa Barbara,289,33,12
Beaumont Unified,Riverside,19756,9138,1920
Dinuba Unified,Tulare,13063,9282,884
Arcata Elementary,Humboldt,2111,842,192
Whittier Union High,Los Angeles,23831,12272,4010
Raymond-Knowles Union Elementary,Madera,165,70,33
Yucaipa-Calimesa Joint Unified,San Bernardino,19733,7734,1804
Hot Springs Elementary,Tulare,34,34,0
Glenn County Office of Education,Glenn,766,350,72
Marysville Joint Unified,Yuba,19723,13680,2093
Ravendale-Termo Elementary,Lassen,1292,539,263
Nuview Union ,Riverside,5901,3216,806
Salinas City Elementary,Monterey,17971,12483,1909
West Sonoma County Union High,Sonoma,3824,694,201
Alpine Union Elementary,San Diego,3457,819,141
Santa Barbara Unified,Santa Barbara,30028,11963,2653
San Francisco Unified,San Francisco,115716,52355,10640
Chaffey Joint Union High,San Bernardino,47121,21570,6623
West Contra Costa Unified,Contra Costa,61705,37233,6187
Oro Grande Elementary,San Bernardino,7420,4902,716
Howell Mountain Elementary,Napa,171,54,20
Saugus Union,Los Angeles,19634,3072,865
Mother Lode Union Elementary,El Dorado,2146,972,236
Alview-Dairyland Union Elementary,Madera,757,396,65
Kingsburg Elementary Charter,Fresno,4435,2198,361
Jamul-Dulzura Union Elementary,San Diego,1672,649,178
Summerville Union High,Tuolumne,2078,642,194
South San Francisco Unified,San Mateo,17635,5043,1319
SBE - Baypoint Preparatory Academy,Riverside,766,390,160
Delano Joint Union High,Kern,8342,6346,1162
El Monte Union High,Los Angeles,17725,12945,2739
Shasta Union Elementary,Shasta,300,91,14
Burrel Union Elementary,Fresno,221,156,47
Bradley Union Elementary,Monterey,416,238,53
Hemet Unified,Riverside,42892,28650,5372
Rescue Union Elementary,El Dorado,7390,833,206
Reed Union Elementary,Marin,3060,106,0
Tracy Joint Unified,San Joaquin,32545,12642,3540
Cambrian,Santa Clara,6983,816,255
Mark Twain Union Elementary,Calaveras,1652,822,192
Kings River-Hardwick Union Elementary,Kings,1639,382,132
Adelanto Elementary,San Bernardino,19897,14777,1899
Santa Clara Elementary,Ventura,112,14,0
Roberts Ferry Union Elementary,Stanislaus,261,135,26
Indian Springs Elementary,Shasta,22,20,2
Le Grand Union High,Merced,985,640,113
Kings Canyon Joint Unified,Fresno,19488,14254,1989
Ontario-Montclair,San Bernardino,42967,31652,4300
Norris Elementary,Kern,8149,1339,414
Baker Valley Unified,San Bernardino,247,193,14
Fontana Unified,San Bernardino,75294,51542,10776
Mountain Valley Unified,Trinity,541,380,20
Kentfield Elementary,Marin,2483,110,35
Barstow Unified,San Bernardino,12153,8931,606
Palos Verdes Peninsula Unified,Los Angeles,22643,697,104
Sierra-Plumas Joint Unified,Sierra,746,209,63
Sunnyvale,Santa Clara,12990,3088,893
Klamath River Union Elementary,Siskiyou,46,32,0
Alameda County Office of Education,Alameda,5638,2748,412
Los Banos Unified,Merced,21360,14075,2424
Eastside Union Elementary,Los Angeles,6752,5380,355
Lynwood Unified,Los Angeles,28645,24992,1671
Lagunita Elementary,Monterey,197,16,0
Leggett Valley Unified,Mendocino,236,93,22
Grant Elementary,Shasta,1260,100,38
Graves Elementary,Monterey,90,10,8
Arvin Union,Kern,6007,5128,507
Bassett Unified,Los Angeles,7278,5634,785
Manteca Unified,San Joaquin,46397,20753,5091
Atwater Elementary,Merced,9862,6788,1241
Woodlake Unified,Tulare,4340,3286,553
Tehama County Department of Education,Tehama,431,225,39
Camino Union Elementary,El Dorado,1003,288,16
Moreno Valley Unified,Riverside,65944,45443,8484
Desert Center Unified,Riverside,35,19,4
Gridley Unified,Butte,4001,1109,0
Hanford Joint Union High,Kings,7477,3734,780
Poway Unified,San Diego,71201,7747,2365
Centinela Valley Union High,Los Angeles,13685,8481,1768
Pioneer Union Elementary,Kings,3938,1454,403
Flournoy Union Elementary,Tehama,42,8,4
Alpaugh Unified,Tulare,1560,999,133
Weaver Union,Merced,5687,4277,572
Redwood City Elementary,San Mateo,17880,8118,2112
Alameda Unified,Alameda,22144,5351,941
Wilsona Elementary,Los Angeles,2610,2277,136
Madera Unified,Madera,41047,31461,4780
Culver City Unified,Los Angeles,13616,3217,943
Orchard Elementary,Santa Clara,1776,618,219
Corning Union Elementary,Tehama,4197,2985,508
Sonoma County Office of Education,Sonoma,1000,388,16
Central Unified,Fresno,31201,17994,2142
Acton-Agua Dulce Unified,Los Angeles,19204,5740,912
John Swett Unified,Contra Costa,3393,1914,411
Springville Union Elementary,Tulare,629,254,58
Cabrillo Unified,San Mateo,6474,2059,483
New Hope Elementary,San Joaquin,394,310,44
Castle Rock Union Elementary,Shasta,100,74,2
Paradise Unified,Butte,8420,4119,786
Fort Sage Unified,Lassen,469,183,58
Placentia-Yorba Linda Unified,Orange,50719,14319,2731
Richmond Elementary,Lassen,429,20,10
Fullerton Joint Union High,Orange,27481,9370,2333
Golden Feather Union Elementary,Butte,390,254,23
Mendocino Unified,Mendocino,1021,299,56
Sutter County Office of Education,Sutter,792,435,60
Campbell Union,Santa Clara,14838,5015,1147
Brittan Elementary,Sutter,921,360,92
San Rafael City Elementary,Marin,9472,5433,759
Centralia Elementary,Orange,8765,4675,651
SBE - Magnolia Science Academy Santa Ana,Orange,1263,870,134
Millbrae Elementary,San Mateo,4831,759,226
Lake Elementary,Glenn,338,96,26
Santa Rita Union Elementary,Monterey,6974,4192,330
Cucamonga Elementary,San Bernardino,4992,2973,669
Island Union Elementary,Kings,774,222,78
Horicon Elementary,Sonoma,116,86,22
Rosedale Union Elementary,Kern,11183,2412,571
Spencer Valley Elementary,San Diego,4452,1791,532
Westmorland Union Elementary,Imperial,757,651,56
Rio Dell Elementary,Humboldt,659,472,46
Imperial County Office of Education,Imperial,1195,706,71
Fallbrook Union Elementary,San Diego,9935,4780,1699
Palm Springs Unified,Riverside,45709,32877,5259
North County Joint Union Elementary,San Benito,1499,588,117
Greenfield Union Elementary,Monterey,7016,5401,793
Little Shasta Elementary,Siskiyou,22,12,0
Santa Clara Unified,Santa Clara,30536,8358,2564
Loma Prieta Joint Union Elementary,Santa Clara,1014,36,12
Redding Elementary,Shasta,6389,3147,621
Buena Vista Elementary,Tulare,416,211,56
Sebastopol Union Elementary,Sonoma,1845,516,153
Elk Grove Unified,Sacramento,124874,50025,15750
Huntington Beach Union High,Orange,31629,8257,1710
Mariposa County Unified,Mariposa,3639,1604,291
Oxnard,Ventura,33447,23984,3355
Palermo Union Elementary,Butte,2482,1779,163
Morgan Hill Unified,Santa Clara,18059,5710,903
Capistrano Unified,Orange,106315,19377,3704
San Mateo County Office of Education,San Mateo,530,258,13
Solvang Elementary,Santa Barbara,1174,371,220
Pleasant Ridge Union Elementary,Nevada,2344,456,139
Loleta Union Elementary,Humboldt,603,399,72
Fremont Unified,Alameda,69782,8940,2638
Soquel Union Elementary,Santa Cruz,3943,1010,315
Placerville Union Elementary,El Dorado,2565,1175,145
Ukiah Unified,Mendocino,12991,7421,1592
San Marino Unified,Los Angeles,6091,128,48
Soulsbyville Elementary,Tuolumne,984,351,76
Big Sur Unified,Monterey,217,78,16
Harmony Union Elementary,Sonoma,1345,361,160
Vallecito Union,Calaveras,1175,404,70
Hillsborough City Elementary,San Mateo,2955,10,0
Contra Costa County Office of Education,Contra Costa,9580,3439,934
El Monte City,Los Angeles,16841,13506,1557
Potter Valley Community Unified,Mendocino,540,288,74
Davis Joint Unified,Yolo,17054,3052,426
Lemoore Union High,Kings,4291,1464,457
Scott Valley Unified,Siskiyou,1302,611,142
Chawanakee Unified,Madera,2082,872,158
Gustine Unified,Merced,3754,2473,380
Lassen View Union Elementary,Tehama,592,247,74
San Lorenzo Valley Unified,Santa Cruz,9750,1298,332
Bennett Valley Union Elementary,Sonoma,2047,312,99
Paradise Elementary,Stanislaus,396,209,34
Waterford Unified,Stanislaus,7860,3439,779
Mountain Elementary,Santa Cruz,236,16,8
Browns Elementary,Sutter,302,135,20
Trinity Center Elementary,Trinity,28,18,0
Santa Cruz City Elementary,Santa Cruz,4380,1304,234
Planada Elementary,Merced,1603,1346,131
San Juan Unified,Sacramento,97201,40717,8034
Santa Cruz County Office of Education,Santa Cruz,2429,621,61
Oceanside Unified,San Diego,40864,17403,6338
Spreckels Union Elementary,Monterey,1932,228,32
Ramona City Unified,San Diego,10952,3402,905
Eureka City Schools,Humboldt,7460,4053,717
Hughes-Elizabeth Lakes Union Elementary,Los Angeles,399,82,0
Winton,Merced,3855,3126,381
Tulare Joint Union High,Tulare,10807,6849,928
Castaic Union,Los Angeles,4446,979,255
Richgrove Elementary,Tulare,1244,909,111
Solano County Office of Education,Solano,775,347,34
Nicasio,Marin,86,6,0
Kernville Union Elementary,Kern,1752,1201,149
Lemoore Union Elementary,Kings,6458,3385,697
Loomis Union Elementary,Placer,8324,914,355
Palo Verde Union Elementary,Tulare,1059,887,103
Thermalito Union,Butte,2965,2389,277
Maple Creek Elementary,Humboldt,23,19,0
Redlands Unified,San Bernardino,42330,20324,3579
Inglewood Unified,Los Angeles,24866,17580,2526
Red Bluff Union Elementary,Tehama,4095,2691,384
Hope Elementary,Tulare,2514,730,194
Delano Union Elementary,Kern,14701,9949,1899
Lindsay Unified,Tulare,8302,6888,457
Amador County Unified,Amador,7662,2728,616
Cajon Valley Union,San Diego,33590,21645,2257
West Covina Unified,Los Angeles,25311,12682,3506
Las Virgenes Unified,Los Angeles,22889,1406,373
Orcutt Union Elementary,Santa Barbara,10483,2942,946
Travis Unified,Solano,11037,1859,1163
Outside Creek Elementary,Tulare,220,162,14
Placer Hills Union Elementary,Placer,1435,355,70
Fresno Unified,Fresno,145101,95023,31791
Duarte Unified,Los Angeles,7340,4120,1138
Empire Union Elementary,Stanislaus,6010,3882,921
Sunol Glen Unified,Alameda,556,26,0
SBE - Audeo Charter II,San Diego,517,268,73
Fallbrook Union High,San Diego,4376,2095,388
Modesto City High,Stanislaus,30137,15687,3143
Glendora Unified,Los Angeles,14924,2934,935
Alta Loma Elementary,San Bernardino,11871,3200,902
Cottonwood Union Elementary,Shasta,2166,770,258
San Bruno Park Elementary,San Mateo,5303,1423,411
Montague Elementary,Siskiyou,349,162,9
Winship-Robbins,Sutter,1467,563,208
Tehachapi Unified,Kern,8680,2890,571
Snowline Joint Unified,San Bernardino,15158,8223,1797
Cutten Elementary,Humboldt,1228,339,122
West Side Union Elementary,Sonoma,347,75,16
Gorman Elementary,Los Angeles,4933,1232,530
Orick Elementary,Humboldt,28,22,0
Pasadena Unified,Los Angeles,36241,18083,3476
Acalanes Union High,Contra Costa,10882,225,131
Folsom-Cordova Unified,Sacramento,40276,10968,2159
Salinas Union High,Monterey,29567,16977,3419
Goleta Union Elementary,Santa Barbara,7111,1968,742
Covina-Valley Unified,Los Angeles,23561,12973,3196
Downey Unified,Los Angeles,44269,23217,7353
Blake Elementary,Kern,22,8,4
Fremont Union High,Santa Clara,21534,1832,616
Merced City Elementary,Merced,21626,15498,1991
Old Adobe Union,Sonoma,3846,1120,442
Ravenswood City Elementary,San Mateo,7656,6192,631
Lompoc Unified,Santa Barbara,20033,10271,2671
Roseville City Elementary,Placer,20907,4253,1323
Tahoe-Truckee Unified,Placer,8216,2425,504
Mendota Unified,Fresno,6589,6255,296
Exeter Unified,Tulare,5648,3178,434
Anderson Union High,Shasta,3560,1363,501
Stockton Unified,San Joaquin,81185,58555,6668
Fort Ross Elementary,Sonoma,48,34,2
Burlingame Elementary,San Mateo,6773,621,113
Waukena Joint Union Elementary,Tulare,478,382,46
San Dieguito Union High,San Diego,25604,1505,367
San Joaquin County Office of Education,San Joaquin,8261,4250,1078
Burbank Unified,Los Angeles,31740,8775,2301
Hamilton Unified,Glenn,1379,877,262
Saratoga Union Elementary,Santa Clara,3797,44,0
Nevada Joint Union High,Nevada,5594,1436,457
Klamath-Trinity Joint Unified,Humboldt,1995,1815,120
Rialto Unified,San Bernardino,50891,36436,5630
Lincoln Elementary,Marin,24,2,0
Grenada Elementary,Siskiyou,392,155,78
Buena Park Elementary,Orange,9560,5794,1143
Chowchilla Union High,Madera,2091,1071,165
Enterprise Elementary,Shasta,7523,4229,996
Los Gatos Union Elementary,Santa Clara,6507,131,16
Live Oak Unified,Sutter,3586,2226,583
SBE - New West Charter,Los Angeles,1642,243,129
Placer Union High,Placer,7954,1346,353
Fall River Joint Unified,Shasta,2419,1221,180
Monterey Peninsula Unified,Monterey,21092,10485,3123
Dixie Elementary,Marin,3944,373,60
Salida Union Elementary,Stanislaus,6535,2881,1079
Bolinas-Stinson Union,Marin,170,14,70
Los Angeles Unified,Los Angeles,1244599,858337,125517
San Lucas Union Elementary,Monterey,136,110,4
Elk Hills Elementary,Kern,368,192,24
National Elementary,San Diego,11756,7727,1471
Antelope Valley Union High,Los Angeles,45963,26558,4820
East Side Union High,Santa Clara,52180,20000,6132
Kern County Office of Education,Kern,8630,5060,755
Galt Joint Union High,Sacramento,4310,2008,541
ABC Unified,Los Angeles,41131,16293,4010
Vallejo City Unified,Solano,28806,17924,2106
Johnstonville Elementary,Lassen,409,168,41
Escondido Union,San Diego,37710,23250,3998
Natomas Unified,Sacramento,29023,11574,2389
Northern Humboldt Union High,Humboldt,3409,1050,244
Carpinteria Unified,Santa Barbara,4441,2043,668
Junction Elementary,Siskiyou,589,143,70
Washington Unified,Yolo,21862,14114,1217
Lucia Mar Unified,San Luis Obispo,21059,7928,2081
Helendale Elementary,San Bernardino,5174,2316,677
Liberty Elementary,Tulare,3332,1258,292
Windsor Unified,Sonoma,10333,2895,805
Siskiyou County Office of Education,Siskiyou,1042,539,150
Hawthorne,Los Angeles,17029,12843,1554
Banta Elementary,San Joaquin,1520,605,140
Arena Union Elementary,Mendocino,623,372,76
Yuba City Unified,Sutter,26278,15034,2875
Saucelito Elementary,Tulare,183,123,16
Dublin Unified,Alameda,21186,1230,327
North Monterey County Unified,Monterey,9093,6007,1389
Terra Bella Union Elementary,Tulare,1815,1789,0
Shandon Joint Unified,San Luis Obispo,617,356,62
French Gulch-Whiskeytown Elementary,Shasta,59,43,4
San Bernardino County Office of Education,San Bernardino,6686,4740,470
Yreka Union Elementary,Siskiyou,1903,1132,158
Mupu Elementary,Ventura,527,262,56
Gonzales Unified,Monterey,4795,3322,645
Novato Unified,Marin,15576,4015,1065
Pacific Grove Unified,Monterey,4104,527,200
Torrance Unified,Los Angeles,46967,8801,3373
Pleasant Grove Joint Union,Sutter,387,82,40
La Mesa-Spring Valley,San Diego,24427,10846,2914
Hollister,San Benito,11439,5693,817
Blue Lake Union Elementary,Humboldt,335,174,18
Ripon Unified,San Joaquin,8335,2455,573
Westside Union Elementary,Los Angeles,18499,7035,1199
Whittier City Elementary,Los Angeles,12037,7953,1541
Pacific Union Elementary,Humboldt,1919,1091,143
Paramount Unified,Los Angeles,30568,25366,3162
Chula Vista Elementary,San Diego,59717,22918,7164
Mountain Union Elementary,Shasta,150,129,14
Linden Unified,San Joaquin,4372,2106,431
Julian Union High,San Diego,293,137,12
Southern Trinity Joint Unified,Trinity,203,143,14
Walnut Creek Elementary,Contra Costa,7119,502,106
Black Oak Mine Unified,El Dorado,2474,941,176
Bellevue Union Elementary,Sonoma,3756,2391,500
Lakeport Unified,Lake,3043,1560,294
Coronado Unified,San Diego,6063,257,229
Ventura County Office of Education,Ventura,5950,2139,453
Modoc Joint Unified,Modoc,1674,818,82
Tres Pinos Union Elementary,San Benito,248,42,0
Edison Elementary,Kern,2100,1649,268
Mark West Union Elementary,Sonoma,2930,713,221
Plumas Lake Elementary,Yuba,2519,616,286
Montebello Unified,Los Angeles,54148,39006,5268
San Jose Unified,Santa Clara,63318,23075,5290
Modoc County Office of Education,Modoc,65,61,0
Meadows Union Elementary,Imperial,966,575,78
San Miguel Joint Union,San Luis Obispo,1761,889,71
Seeley Union Elementary,Imperial,666,427,55
Taft City,Kern,4403,3252,320
Calaveras County Office of Education,Calaveras,1042,365,169
San Ardo Union Elementary,Monterey,194,162,10
Colfax Elementary,Placer,623,226,51
Big Creek Elementary,Fresno,108,15,14
Millville Elementary,Shasta,497,99,37
Columbia Union,Tuolumne,1055,531,74
Willows Unified,Glenn,2815,1558,224
Delphic Elementary,Siskiyou,113,113,0
King City Union,Monterey,5318,4530,282
Gold Oak Union Elementary,El Dorado,944,283,38
Little Lake City Elementary,Los Angeles,8782,4283,1794
Dixon Unified,Solano,7248,3394,507
Traver Joint Elementary,Tulare,427,358,28
Gateway Unified,Shasta,5535,3117,731
Fowler Unified,Fresno,5067,3371,445
Calaveras Unified,Calaveras,5800,2566,537
Central Union High,Imperial,8025,4948,732
Turlock Unified,Stanislaus,28144,13624,2845
Alta Vista Elementary,Tulare,1098,693,0
Oak Valley Union Elementary,Tulare,1120,736,133
Sylvan Union Elementary,Stanislaus,16714,6691,1647
Fairfield-Suisun Unified,Solano,42753,21252,2448
Atascadero Unified,San Luis Obispo,9196,2562,641
Weed Union Elementary,Siskiyou,533,401,52
Firebaugh-Las Deltas Unified,Fresno,4539,3484,503
Alisal Union,Monterey,18346,13437,1734
Lamont Elementary,Kern,6110,4924,427
Center Joint Unified,Sacramento,8877,4420,1015
Newman-Crows Landing Unified,Stanislaus,5947,3354,915
Keyes Union,Stanislaus,2264,1189,210
Del Mar Union Elementary,San Diego,8826,406,108
Central Elementary,San Bernardino,9033,4257,880
Buellton Union Elementary,Santa Barbara,1219,341,101
Lucerne Elementary,Lake,525,413,62
Romoland Elementary,Riverside,7607,4179,1355
Fruitvale Elementary,Kern,6380,2154,722
Lodi Unified,San Joaquin,60976,34604,6062
Templeton Unified,San Luis Obispo,4731,619,121
Madera County Office of Education,Madera,1708,1231,141
Stone Corral Elementary,Tulare,1337,1082,119
El Rancho Unified,Los Angeles,17245,10480,2183
San Carlos Elementary,San Mateo,6994,285,52
Shasta Union High,Shasta,11263,3007,560
Antioch Unified,Contra Costa,34223,20066,3113
Twin Ridges Elementary,Nevada,188,149,19
River Delta Joint Unified,Sacramento,4659,1985,320
Manchester Union Elementary,Mendocino,94,22,24
Simi Valley Unified,Ventura,33874,8181,2336
Riverside Unified,Riverside,84693,41761,9950
Washington Colony Elementary,Fresno,847,662,68
Colusa Unified,Colusa,2926,1644,326
Washington Union Elementary,Monterey,1764,110,0
Clear Creek Elementary,Nevada,289,76,12
Liberty Union High,Contra Costa,16059,3743,759
Milpitas Unified,Santa Clara,20399,5092,1469
Westminster,Orange,18558,10997,2152
Linns Valley-Poso Flat Union,Kern,44,8,0
Valley Center-Pauma Unified,San Diego,8055,3437,740
Corona-Norco Unified,Riverside,105312,34394,11010
El Segundo Unified,Los Angeles,6877,655,208
Bret Harte Union High,Calaveras,1354,416,82
Perris Elementary,Riverside,11839,9136,854
Pollock Pines Elementary,El Dorado,1361,590,79
Manzanita Elementary,Butte,572,192,46
Lake County Office of Education,Lake,67,43,0
McKittrick Elementary,Kern,154,32,0
Capay Joint Union Elementary,Glenn,384,128,52
Moreland,Santa Clara,9504,2172,558
Pine Ridge Elementary,Fresno,192,26,16
Union Joint Elementary,Marin,24,10,0
Midway Elementary,Kern,170,88,6
Magnolia Elementary,Orange,12426,9327,1246
Blochman Union Elementary,Santa Barbara,2531,654,405
Santa Ynez Valley Union High,Santa Barbara,1872,299,131
San Marcos Unified,San Diego,41609,12016,3195
College Elementary,Santa Barbara,784,179,78
Lakeside Joint,Santa Clara,171,10,2
Golden Plains Unified,Fresno,3377,2809,330
Perris Union High,Riverside,21293,12059,3586
Ross Valley Elementary,Marin,4442,332,44
Meridian Elementary,Sutter,2146,1119,179
Southern Kern Unified,Kern,6683,4249,548
Cardiff Elementary,San Diego,1408,134,36
Colton Joint Unified,San Bernardino,45046,30991,5047
Mariposa County Office of Education,Mariposa,88,46,8
Burton Elementary,Tulare,9290,5605,1057
Healdsburg Unified,Sonoma,3190,1346,334
Raisin City Elementary,Fresno,1290,1159,61
Dunham Elementary,Sonoma,365,84,8
No Students
Nevada City Elementary,Nevada,1712,396,84
Lewiston Elementary,Trinity,123,83,12
Mt. Shasta Union Elementary,Siskiyou,1158,348,110
Evergreen Elementary,Santa Clara,23484,5451,1318
Auburn Union Elementary,Placer,4044,1896,336
Rocklin Unified,Placer,26277,3062,1084
Mill Valley Elementary,Marin,6236,188,60
Los Altos Elementary,Santa Clara,9013,356,113
Alhambra Unified,Los Angeles,33843,16574,5277
McKinleyville Union Elementary,Humboldt,2282,1016,228
Armona Union Elementary,Kings,3045,2259,242
Palo Alto Unified,Santa Clara,24424,1787,555
South Whittier Elementary,Los Angeles,5798,4245,822
General Shafter Elementary,Kern,291,191,26
Esparto Unified,Yolo,1910,1175,226
Strathmore Union Elementary,Tulare,1621,1491,82
Silver Fork Elementary,El Dorado,22,10,2
Plumas County Office of Education,Plumas,44,29,0
Arcadia Unified,Los Angeles,18902,2563,1336
Di Giorgio Elementary,Kern,457,437,4
Riverbank Unified,Stanislaus,5669,3751,712
Beardsley Elementary,Kern,3590,2865,276
Santa Clara County Office of Education,Santa Clara,22109,10243,1975
Durham Unified,Butte,1951,575,154
Mountain Empire Unified,San Diego,5422,2625,571
Pond Union Elementary,Kern,392,300,54
Moorpark Unified,Ventura,12789,3573,808
Oak View Union Elementary,San Joaquin,802,317,76
Sweetwater Union High,San Diego,79871,32623,8787
Lennox,Los Angeles,14359,11455,1905
Kirkwood Elementary,Tehama,206,87,23
Banning Unified,Riverside,8954,6659,988
Winters Joint Unified,Yolo,3075,1618,388
Farmersville Unified,Tulare,5048,4065,407
Needles Unified,San Bernardino,1886,1282,105
South Fork Union,Kern,481,371,34
El Dorado Union High,El Dorado,13046,1898,413
Heber Elementary,Imperial,2459,1907,285
Kern High,Kern,75979,42758,7263
Westside Elementary,Fresno,2183,1153,235
Inyo County Office of Education,Inyo,2488,2177,125
Forks of Salmon Elementary,Siskiyou,20,8,0
Grossmont Union High,San Diego,42355,14861,7618
San Antonio Union Elementary,Monterey,313,148,24
Arcohe Union Elementary,Sacramento,888,395,137
Black Butte Union Elementary,Shasta,426,286,32
SBE - Barack Obama Charter,Los Angeles,693,574,58
La Habra City Elementary,Orange,9393,5895,1079
California School for the Deaf-Fremont (State Special Schl),Alameda,687,642,0
South Bay Union,San Diego,14651,8556,1080
Twin Rivers Unified,Sacramento,61799,44988,6508
Mono County Office of Education,Mono,403,344,15
Bonsall Unified,San Diego,5668,1681,312
Jefferson Union High,San Mateo,9574,2473,868
Santa Rosa Elementary,Sonoma,10490,4840,1345
Oak Run Elementary,Shasta,128,66,20
SBE - The School of Arts and Enterprise,Los Angeles,1475,939,117
Monrovia Unified,Los Angeles,11052,4951,1478
Kashia Elementary,Sonoma,24,22,0
Orinda Union Elementary,Contra Costa,5052,25,0
Fillmore Unified,Ventura,7431,4069,1186
Knightsen Elementary,Contra Costa,1162,343,60
San Pasqual Union Elementary,San Diego,1098,139,30
Big Oak Flat-Groveland Unified,Tuolumne,595,209,0
SBE - Prepa Tec Los Angeles High,Los Angeles,224,198,14
Mountain View Whisman ,Santa Clara,10206,2857,651
Foresthill Union Elementary,Placer,785,259,70
Death Valley Unified,Inyo,43,19,12
Fieldbrook Elementary,Humboldt,291,62,59
Pacific Elementary,Santa Cruz,212,52,18
Nuestro Elementary,Sutter,977,158,163
Brawley Elementary,Imperial,7926,6082,537
Petaluma Joint Union High,Sonoma,10602,2513,1234
San Benito County Office of Education,San Benito,95,81,4
Wright Elementary,Sonoma,3159,1766,490
Gravenstein Union Elementary,Sonoma,1444,178,40
Lone Pine Unified,Inyo,591,324,74
Sanger Unified,Fresno,23269,14351,2120
Alexander Valley Union Elementary,Sonoma,253,48,20
Allensworth Elementary,Tulare,155,84,0
Trinity County Office of Education,Trinity,150,117,7
Colusa County Office of Education,Colusa,8,4,0
Ojai Unified,Ventura,5014,1673,530
Dunsmuir Elementary,Siskiyou,180,162,0
Kingsburg Joint Union High,Fresno,2279,755,121
SBE - Academia Avance Charter,Los Angeles,790,666,66
Union Elementary,Santa Clara,11455,936,168
Evergreen Union,Tehama,2371,992,317
Round Valley Joint Elementary,Inyo,275,82,12
Emery Unified,Alameda,1366,785,173
Victor Elementary,San Bernardino,25322,19321,1926
Upper Lake Unified,Lake,1652,1085,157
Lowell Joint,Los Angeles,6268,1730,594
Anaheim Elementary,Orange,36763,26384,4469
San Pasqual Valley Unified,Imperial,1411,1289,36
Los Alamitos Unified,Orange,19670,1883,855
Valley Home Joint Elementary,Stanislaus,350,138,42
Brentwood Union Elementary,Contra Costa,17734,3558,953
Cold Spring Elementary,Santa Barbara,336,12,0
Oxnard Union High,Ventura,34109,17701,3816
Byron Union Elementary,Contra Costa,4420,972,428
Wheatland Union High,Yuba,1455,389,150
Chowchilla Elementary,Madera,4378,3075,376
Hickman Community Charter,Stanislaus,2142,402,234
Santa Paula Unified,Ventura,10801,7126,1774
Luther Burbank,Santa Clara,1037,727,174
Yreka Union High,Siskiyou,1250,434,123
Kelseyville Unified,Lake,3397,1913,625
Berryessa Union Elementary,Santa Clara,14507,3383,1309
SBE - The New School of San Francisco,San Francisco,260,40,8
Santa Ana Unified,Orange,107469,86469,6616
Apple Valley Unified,San Bernardino,28443,15629,2100
Morongo Unified,San Bernardino,16798,9595,1528
SBE - Ridgecrest Charter,Kern,944,418,85
Santa Cruz City High,Santa Cruz,9023,2792,710
Calistoga Joint Unified,Napa,1700,828,279
Lemon Grove,San Diego,7549,4612,1059
San Gabriel Unified,Los Angeles,12299,5323,1663
Anderson Valley Unified,Mendocino,1000,644,106
Shaffer Union Elementary,Lassen,357,210,50
Tuolumne County Superintendent of Schools,Tuolumne,428,179,30
Long Beach Unified,Los Angeles,151307,89282,15285
Wasco Union High,Kern,3620,2427,391
Willits Unified,Mendocino,3720,2291,403
Pope Valley Union Elementary,Napa,115,72,14
Albany City Unified,Alameda,7360,925,343
Sacramento County Office of Education,Sacramento,4257,2995,317
Jefferson Elementary,San Mateo,18613,6174,2340
Shasta County Office of Education,Shasta,1169,515,138
Fortuna Union High,Humboldt,2179,888,163
Santa Barbara County Office of Education,Santa Barbara,528,374,13
Menlo Park City Elementary,San Mateo,5993,342,80
Riverdale Joint Unified,Fresno,3206,2460,275
Garden Grove Unified,Orange,87631,50774,8944
Canyon Elementary,Contra Costa,144,4,2
Plainsburg Union Elementary,Merced,248,70,42
Alvina Elementary,Fresno,358,254,37
Oak Park Unified,Ventura,9098,365,136
Martinez Unified,Contra Costa,8199,1626,259
Santa Maria-Bonita,Santa Barbara,33501,23606,3780
Sonoma Valley Unified,Sonoma,9045,4139,1025
Vacaville Unified,Solano,25613,8894,1575
Lake Tahoe Unified,El Dorado,7830,3712,892
Somis Union,Ventura,509,239,58
Maxwell Unified,Colusa,641,361,119
Saint Helena Unified,Napa,2365,241,0
Shoreline Unified,Marin,1021,497,126
Muroc Joint Unified,Kern,3724,887,213
Janesville Union Elementary,Lassen,680,208,76
Hydesville Elementary,Humboldt,392,94,18
South Monterey County Joint Union High,Monterey,4466,2732,253
Alpine County Unified,Alpine,160,88,4
Hughson Unified,Stanislaus,4124,1889,332
San Benito High,San Benito,5949,2458,295
Bishop Unified,Inyo,3749,1602,373
Piedmont City Unified,Alameda,5340,53,0
Pixley Union Elementary,Tulare,2199,1962,133
Cotati-Rohnert Park Unified,Sonoma,12375,3968,1024
Panoche Elementary,San Benito,12,4,0
Latrobe,El Dorado,286,22,0
Big Springs Union Elementary,Siskiyou,356,155,48
Panama-Buena Vista Union,Kern,35575,19254,4036
Big Lagoon Union Elementary,Humboldt,35,20,4
Burnt Ranch Elementary,Trinity,192,108,48
Green Point Elementary,Humboldt,22,20,2
San Leandro Unified,Alameda,17120,8034,2345
Bear Valley Unified,San Bernardino,4985,2854,463
Twin Hills Union Elementary,Sonoma,2478,333,67
Camptonville Elementary,Yuba,1025,474,82
San Lorenzo Unified,Alameda,23219,12348,3114
SBE - Paramount Collegiate Academy,Sacramento,164,80,22
Merced River Union Elementary,Merced,347,243,46
Patterson Joint Unified,Stanislaus,12034,7256,1670
Campbell Union High,Santa Clara,15415,2439,458
Mulberry Elementary,Imperial,180,60,12
SBE - Anahuacalmecac International University Preparatory of North America,Los Angeles,743,615,76
William S. Hart Union High,Los Angeles,51939,11042,2370
Kit Carson Union Elementary,Kings,1541,1019,201
Escalon Unified,San Joaquin,5730,2224,346
Montecito Union Elementary,Santa Barbara,820,40,18
McCloud Union Elementary,Siskiyou,132,84,6
Summerville Elementary,Tuolumne,799,297,74
Piner-Olivet Union Elementary,Sonoma,2832,972,168
Baldwin Park Unified,Los Angeles,33967,24506,4680
California School for the Blind (State Special Schl),Alameda,73,73,0
Laton Joint Unified,Fresno,1378,976,123
Richland Union Elementary,Kern,6878,5399,780
San Bernardino City Unified,San Bernardino,105007,81266,9667
Ferndale Unified,Humboldt,1016,359,104
Twain Harte,Tuolumne,505,245,45
Lost Hills Union Elementary,Kern,1125,635,0
Walnut Valley Unified,Los Angeles,28847,2839,1085
Sundale Union Elementary,Tulare,1632,565,121
Richfield Elementary,Tehama,482,201,74
Kenwood ,Sonoma,297,44,2
Bass Lake Joint Union Elementary,Madera,1770,753,250
El Nido Elementary,Merced,322,220,42
Lakeside Union Elementary,San Diego,13179,4570,1163
Bella Vista Elementary,Shasta,717,372,92
Hacienda la Puente Unified,Los Angeles,37372,22925,4195
SBE - Lifeline Education Charter,Los Angeles,1249,1031,156
Glendale Unified,Los Angeles,51657,19764,4754
Corcoran Joint Unified,Kings,6611,5059,405
Grass Valley Elementary,Nevada,3456,1503,395
Kerman Unified,Fresno,10127,7402,939
Buckeye Union Elementary,El Dorado,10388,1188,284
Pierce Joint Unified,Colusa,2937,1504,461
Maple Elementary,Kern,570,244,86
Semitropic Elementary,Kern,452,348,32
Pittsburg Unified,Contra Costa,22754,13307,3077
Conejo Valley Unified,Ventura,37543,6498,1455
Freshwater Elementary,Humboldt,681,147,91
Las Lomitas Elementary,San Mateo,2772,104,12
Anaheim Union High,Orange,61189,33846,7169
Curtis Creek Elementary,Tuolumne,907,395,95
Monterey County Office of Education,Monterey,3756,1471,398
Bangor Union Elementary,Butte,174,116,16
Big Pine Unified,Inyo,336,204,53
Happy Valley Elementary,Santa Cruz,250,20,0
New Haven Unified,Alameda,23511,8938,2400
McFarland Unified,Kern,7060,5207,986
Le Grand Union Elementary,Merced,794,591,57
Point Arena Joint Union High,Mendocino,293,117,42
California Education Authority (CEA) Headquarters,Sacramento,587,576,0
Montgomery Elementary,Sonoma,56,22,0
Hilmar Unified,Merced,4678,1986,594
Susanville Elementary,Lassen,2182,1025,133
Ventura Unified,Ventura,33701,11230,6280
Sierra Sands Unified,Kern,9933,4114,730
Magnolia Union Elementary,Imperial,271,32,5
Plaza Elementary,Glenn,400,138,26
Red Bluff Joint Union High,Tehama,3208,1695,205
Pomona Unified,Los Angeles,47969,34699,5567
Penn Valley Union Elementary,Nevada,1188,430,144
Woodville Union Elementary,Tulare,858,780,35
Laguna Beach Unified,Orange,6008,448,54
Alum Rock Union Elementary,Santa Clara,23110,16099,3613
Oak Grove Union Elementary,Sonoma,2220,451,104
Orange County Department of Education,Orange,11960,5997,770
Sonora Union High,Tuolumne,2085,649,167
Rio Elementary,Ventura,10235,6754,1151
Franklin-McKinley Elementary,Santa Clara,21376,13107,2982
Chino Valley Unified,San Bernardino,57290,22555,3479
Tulare City,Tulare,18989,13174,1908
El Centro Elementary,Imperial,12032,8579,1247
Rosemead Elementary,Los Angeles,4997,2967,970
Riverside County Office of Education,Riverside,16288,6576,2353
Pleasanton Unified,Alameda,29318,1524,431
Reeds Creek Elementary,Tehama,299,138,34
Shiloh Elementary,Stanislaus,313,191,46
Monson-Sultana Joint Union Elementary,Tulare,877,717,58
Buttonwillow Union Elementary,Kern,743,606,40
Lincoln Unified,San Joaquin,18762,9140,2507
Mountain House Elementary,Alameda,32,24,0
SBE - Thrive Public,San Diego,909,349,114
Etiwanda Elementary,San Bernardino,27833,7862,1808
Rancho Santa Fe Elementary,San Diego,1282,16,0
Benicia Unified,Solano,9612,1616,388
Merced Union High,Merced,20418,12753,2589
McCabe Union Elementary,Imperial,2757,611,236
San Mateo-Foster City,San Mateo,23758,6238,804
Briggs Elementary,Ventura,1079,611,200
Napa County Office of Education,Napa,258,176,39
Wiseburn Unified,Los Angeles,8464,2391,1038
Santa Monica-Malibu Unified,Los Angeles,21818,4284,1058
Brea-Olinda Unified,Orange,11647,2279,738
Oak Grove Elementary,Santa Clara,20615,6646,1700
Petaluma City Elementary,Sonoma,4767,1290,444
Hornbrook Elementary,Siskiyou,115,71,10
Del Norte County Unified,Del Norte,7264,4169,560
Ocean View,Ventura,22077,9382,1583
Fortuna Elementary,Humboldt,2737,1511,242
Borrego Springs Unified,San Diego,1565,1184,174
Julian Union Elementary,San Diego,8299,2742,941
Wheatland ,Yuba,2643,780,413
Brisbane Elementary,San Mateo,918,188,30
Cloverdale Unified,Sonoma,2801,1309,248
Gold Trail Union Elementary,El Dorado,1359,314,71
Bogus Elementary,Siskiyou,40,30,0
Butteville Union Elementary,Siskiyou,422,136,60
Garfield Elementary,Humboldt,138,20,4
Tulare County Office of Education,Tulare,4965,2272,415
SBC - High Tech High,San Diego,4941,1486,838
Newhall,Los Angeles,13327,4432,747
Jamestown Elementary,Tuolumne,860,541,90
Lammersville Joint Unified,San Joaquin,8951,1094,255
Cuddeback Union Elementary,Humboldt,262,91,22
San Francisco County Office of Education,San Francisco,650,418,6
San Luis Coastal Unified,San Luis Obispo,15316,4239,890
Tipton Elementary,Tulare,1110,832,102
Oroville City Elementary,Butte,5357,3470,496
Newport-Mesa Unified,Orange,42696,15324,2476
Modesto City Elementary,Stanislaus,30593,23692,2430
Columbine Elementary,Tulare,411,202,50
Amador County Office of Education,Amador,435,220,32
Palmdale Elementary,Los Angeles,44052,31624,5146
Keppel Union Elementary,Los Angeles,5243,4013,420
Imperial Unified,Imperial,8138,2791,716
Scotts Valley Unified,Santa Cruz,4967,410,70
Lawndale Elementary,Los Angeles,11984,8054,1690
Happy Valley Union Elementary,Shasta,984,571,86
Butte County Office of Education,Butte,2364,971,311
Hueneme Elementary,Ventura,16679,12627,1812
Cupertino Union,Santa Clara,37018,1237,334
Southside Elementary,San Benito,469,153,26
Vallecitos Elementary,San Diego,670,422,92
Oakdale Joint Unified,Stanislaus,10443,3497,639
San Rafael City High,Marin,4948,1953,359
Pleasant Valley Joint Union Elementary,San Luis Obispo,198,62,10
Pleasant View Elementary,Tulare,945,856,48
Knights Ferry Elementary,Stanislaus,236,49,12
Sierra Unified,Fresno,2616,1047,183
Antelope Elementary,Tehama,1623,660,134
Tustin Unified,Orange,47861,13720,3924
Alta-Dutch Flat Union Elementary,Placer,205,70,28
Galt Joint Union Elementary,Sacramento,7200,3434,738
San Jacinto Unified,Riverside,22202,14384,2725
Douglas City Elementary,Trinity,373,125,53
Rincon Valley Union Elementary,Sonoma,7071,1817,485
Mesa Union Elementary,Ventura,2536,572,226
Cypress Elementary,Orange,7892,2069,481
Merced County Office of Education,Merced,2187,1918,55
Woodland Joint Unified,Yolo,19981,10998,1921
Castro Valley Unified,Alameda,18559,3059,1072
Bonita Unified,Los Angeles,20325,5329,1613
Igo, Ono, Platina Union Elementary,Shasta,78,54,8
Rockford Elementary,Tulare,735,356,65
Willow Grove Union Elementary,San Benito,38,16,0
Franklin Elementary,Sutter,956,190,78
Manhattan Beach Unified,Los Angeles,13397,330,83
Oroville Union High,Butte,4223,2887,320
Chico Unified,Butte,27745,9814,1684
Silver Valley Unified,San Bernardino,4230,1528,812
Sonora Elementary,Tuolumne,1445,495,98
Mattole Unified,Humboldt,1431,706,201
Taft Union High,Kern,2008,1093,102
South Bay Union Elementary,Humboldt,1813,973,248
Lassen County Office of Education,Lassen,26,6,0
Moraga Elementary,Contra Costa,3778,54,0
Fountain Valley Elementary,Orange,12719,1787,674
Gerber Union Elementary,Tehama,844,587,112
Fort Bragg Unified,Mendocino,3740,1955,509
Temple City Unified,Los Angeles,11684,3025,1534
South Pasadena Unified,Los Angeles,9490,783,477
Sunnyside Union Elementary,Tulare,704,582,27
Santee,San Diego,13459,4159,1238
Corning Union High,Tehama,1853,1105,190
Santa Maria Joint Union High,Santa Barbara,15222,8240,2399
Sausalito Marin City,Marin,1112,461,68
Marcum-Illinois Union Elementary,Sutter,4770,1205,581
Kneeland Elementary,Humboldt,58,26,0
Tulelake Basin Joint Unified,Modoc,890,614,26
Biggs Unified,Butte,1219,683,96
Roseville Joint Union High,Placer,20104,3350,826
Fullerton Elementary,Orange,26623,9898,1563
Holtville Unified,Imperial,3147,1903,203
Trona Joint Unified,San Bernardino,1857,1243,172
Hanford Elementary,Kings,11817,7938,1603
Westwood Unified,Lassen,658,400,104
Paso Robles Joint Unified,San Luis Obispo,13482,5702,880
Snelling-Merced Falls Union Elementary,Merced,151,106,10
Yolo County Office of Education,Yolo,1098,561,140
Surprise Valley Joint Unified,Modoc,228,104,31
Roseland,Sonoma,5669,4327,715
Western Placer Unified,Placer,17773,4664,1167
Reef-Sunset Unified,Kings,5247,4609,97
Delhi Unified,Merced,5222,3688,596
Claremont Unified,Los Angeles,14034,3996,1025
Fairfax Elementary,Kern,5362,4227,484
Clay Joint Elementary,Fresno,488,68,4
Ballard Elementary,Santa Barbara,257,8,0
Rim of the World Unified,San Bernardino,6966,3129,403
El Tejon Unified,Kern,1541,894,112
Denair Unified,Stanislaus,2562,1242,243
Williams Unified,Colusa,2705,1661,596
Mt. Diablo Unified,Contra Costa,62996,23087,4258
Bakersfield City,Kern,60420,49137,4593
San Luis Obispo County Office of Education,San Luis Obispo,811,514,81
Elverta Joint Elementary,Sacramento,569,374,50
Victor Valley Union High,San Bernardino,27222,18093,3194
Lancaster Elementary,Los Angeles,30175,22468,2359
Mendocino County Office of Education,Mendocino,142,119,8
Rowland Unified,Los Angeles,28116,16377,3551
McSwain Union Elementary,Merced,1703,470,149
Woodside Elementary,San Mateo,798,58,30
Sutter Union High,Sutter,1531,340,74
Dry Creek Joint Elementary,Placer,13390,3712,1223
Bitterwater-Tully Elementary,San Benito,64,6,0
Los Nietos,Los Angeles,3251,2415,423
Maricopa Unified,Kern,7717,3236,637
Coachella Valley Unified,Riverside,37161,31742,2808
Irvine Unified,Orange,66202,6885,2181
Solana Beach Elementary,San Diego,6024,392,104
Marin County Office of Education,Marin,460,107,0
Coalinga-Huron Unified,Fresno,8794,5960,598
Ballico-Cressey Elementary,Merced,740,457,40
Southern Humboldt Joint Unified,Humboldt,1489,592,112
Stanislaus County Office of Education,Stanislaus,4228,2074,378
SBE - Olive Grove Charter,Santa Barbara,575,307,62
Savanna Elementary,Orange,4627,2614,416
Menifee Union Elementary,Riverside,23192,6922,2398
Golden Valley Unified,Madera,3707,1042,242
Soledad Unified,Monterey,9644,8391,285
Larkspur-Corte Madera,Marin,3046,224,54
Newcastle Elementary,Placer,4468,365,143
Live Oak Elementary,Santa Cruz,4095,1941,224
Trinity Alps Unified,Trinity,1463,637,175
Guerneville Elementary,Sonoma,569,336,56
La Honda-Pescadero Unified,San Mateo,628,255,75
Pleasant Valley,Ventura,14508,3147,1035
Ackerman Charter,Placer,1161,261,50
Guadalupe Union Elementary,Santa Barbara,2541,1913,375
Chicago Park Elementary,Nevada,359,98,46
Oakland Unified,Alameda,97903,65522,6381
Lagunitas Elementary,Marin,523,86,8
Lakeside Union,Kern,2732,1418,329
Del Norte County Office of Education,Del Norte,1074,573,50
Pajaro Valley Unified,Santa Cruz,40540,21091,1756
Kings River Union Elementary,Tulare,895,768,53
Alpine County Office of Education,Alpine,4,4,0
Los Angeles County Office of Education,Los Angeles,13596,8296,777
Mt. Baldy Joint Elementary,San Bernardino,212,36,0
Los Molinos Unified,Tehama,1167,791,132
Columbia Elementary,Shasta,2717,624,216
Plumas Unified,Plumas,4215,1635,370
Lassen Union High,Lassen,1592,399,72
Mission Union Elementary,Monterey,252,32,0
SBE - OnePurpose,San Francisco,229,217,2
Owens Valley Unified,Inyo,167,70,16
La Canada Unified,Los Angeles,8183,84,40
Redondo Beach Unified,Los Angeles,19417,2026,657
Hart-Ransom Union Elementary,Stanislaus,2355,864,289
Vista del Mar Union,Santa Barbara,196,46,54
Sulphur Springs Union,Los Angeles,10643,4280,961
Aromas/San Juan Unified,San Benito,2225,1154,238
Los Gatos-Saratoga Joint Union High,Santa Clara,6647,115,6
Vineland Elementary,Kern,1444,1444,0
Placer County Office of Education,Placer,1549,309,38
Calipatria Unified,Imperial,2263,1775,108
Orange Unified,Orange,56593,21085,3313
Three Rivers Union Elementary,Tulare,280,76,28
Desert Sands Unified,Riverside,57281,32196,6004
Wasco Union Elementary,Kern,7166,5467,966
Carmel Unified,Monterey,4971,657,90
San Ramon Valley Unified,Contra Costa,64277,1883,533
Compton Unified,Los Angeles,46403,35360,2222
California School for the Deaf-Riverside (State Special Schl),Riverside,657,191,0
Happy Camp Union Elementary,Siskiyou,222,164,4
Elkins Elementary,Tehama,30,26,2
Dehesa Elementary,San Diego,11868,3023,879
East Nicolaus Joint Union High,Sutter,627,129,64
Jacoby Creek Elementary,Humboldt,902,108,16
San Diego Unified,San Diego,252759,125734,25904
Pacheco Union Elementary,Shasta,1215,567,127
Coast Unified,San Luis Obispo,1287,685,163
Caruthers Unified,Fresno,2827,2322,204
Sequoia Union High,San Mateo,19420,5254,1086
Orange Center,Fresno,1657,1089,183
Cuyama Joint Unified,Santa Barbara,486,314,87
Yuba County Office of Education,Yuba,1069,770,101
Kings County Office of Education,Kings,745,479,65
Gazelle Union Elementary,Siskiyou,60,34,6
Eastern Sierra Unified,Mono,801,302,122
Porterville Unified,Tulare,28302,23220,180
Mountain View-Los Altos Union High,Santa Clara,8088,1043,213
Ross Elementary,Marin,766,4,0
Cayucos Elementary,San Luis Obispo,421,143,12
Mountain View Elementary,San Bernardino,18967,13834,1955
Santa Rosa High,Sonoma,22150,6914,1965
Val Verde Unified,Riverside,39446,25458,6906
Livingston Union,Merced,5011,3611,695
Alvord Unified,Riverside,37982,22703,6320
Peninsula Union ,Humboldt,72,54,6
Upland Unified,San Bernardino,21883,9715,1778
Standard Elementary,Kern,6181,4204,487
Bellflower Unified,Los Angeles,24405,12879,3579
Bridgeville Elementary,Humboldt,50,40,0
Berkeley Unified,Alameda,20300,5911,1208
Wilmar Union Elementary,Sonoma,461,73,19
Cienega Union Elementary,San Benito,46,14,0
Chualar Union,Monterey,671,513,100
Two Rock Union,Sonoma,322,110,54
San Mateo Union High,San Mateo,17992,2572,682
Sacramento City Unified,Sacramento,92769,56438,6890
Rio Bravo-Greeley Union Elementary,Kern,2055,933,126
Huntington Beach City Elementary,Orange,14247,1975,364
Scotia Union Elementary,Humboldt,420,165,78
East Whittier City Elementary,Los Angeles,17603,7080,1871
Junction City Elementary,Trinity,138,93,14
Visalia Unified,Tulare,57332,33404,4054
Laguna Joint Elementary,Marin,33,26,0
Garvey Elementary,Los Angeles,9568,6692,1182
Middletown Unified,Lake,3326,1722,256
Clovis Unified,Fresno,84608,27012,7089
San Diego County Office of Education,San Diego,6116,3685,231
Hesperia Unified,San Bernardino,47185,28676,3707
Azusa Unified,Los Angeles,17322,11486,2261
Robla Elementary,Sacramento,4528,3800,356
Encinitas Union Elementary,San Diego,10623,1190,260
Selma Unified,Fresno,12819,9086,1194
Whitmore Union Elementary,Shasta,428,157,24
Brawley Union High,Imperial,3613,2399,269
Hermosa Beach City Elementary,Los Angeles,2743,74,0
Napa Valley Unified,Napa,36108,13509,4096
Belridge Elementary,Kern,64,36,10
Waugh Elementary,Sonoma,1806,194,36
Konocti Unified,Lake,6654,4656,449
Trinidad Union Elementary,Humboldt,388,159,59
Humboldt County Office of Education,Humboldt,840,420,14
Beverly Hills Unified,Los Angeles,7961,506,138
Temecula Valley Unified,Riverside,59235,10050,3806
Monroe Elementary,Fresno,335,283,16
Gilroy Unified,Santa Clara,23719,10830,2324
San Ysidro Elementary,San Diego,9587,7788,0
Nevada County Office of Education,Nevada,5326,2225,693
Orland Joint Unified,Glenn,4360,2743,665
North Cow Creek Elementary,Shasta,524,138,22
Indian Diggings Elementary,El Dorado,34,10,0
Fresno County Office of Education,Fresno,5305,4221,207
El Dorado County Office of Education,El Dorado,1980,787,35
Round Valley Unified,Mendocino,863,412,4
Chatom Union,Stanislaus,1195,868,123
Parlier Unified,Fresno,6806,6038,491
Lafayette Elementary,Contra Costa,7200,118,48
Geyserville Unified,Sonoma,493,220,64
Escondido Union High,San Diego,18712,8211,2510
Sequoia Union Elementary,Tulare,666,262,30
Bayshore Elementary,San Mateo,731,368,102
Laytonville Unified,Mendocino,778,519,48
Belmont-Redwood Shores Elementary,San Mateo,8423,403,132
Dunsmuir Joint Union High,Siskiyou,128,97,0
Livermore Valley Joint Unified,Alameda,27705,5368,1042
Valle Lindo Elementary,Los Angeles,2215,1549,316
Carlsbad Unified,San Diego,22182,3456,908
Norwalk-La Mirada Unified,Los Angeles,36395,21929,3331
West Park Elementary,Fresno,1251,1043,95
Mojave Unified,Kern,5402,4268,172
Portola Valley Elementary,San Mateo,1249,64,42
Union Hill Elementary,Nevada,1328,377,125
Butte Valley Unified,Siskiyou,612,377,96
